[
  {
    "id": "city-barcelona-barceloneta-beach",
    "name": "Barceloneta Beach",
    "category": "nature",
    "lat": 41.3795,
    "lon": 2.1927,
    "source": "static",
    "countryCode": "ES",
    "cityId": "barcelona"
  },
  {
    "id": "city-barcelona-barceloneta-seafood-strip",
    "name": "Barceloneta Seafood Strip",
    "category": "food",
    "lat": 41.379,
    "lon": 2.189,
    "source": "static",
    "countryCode": "ES",
    "cityId": "barcelona"
  },
  {
    "id": "city-barcelona-bunkers-del-carmel-viewpoint",
    "name": "Bunkers del Carmel Viewpoint",
    "category": "nature",
    "lat": 41.4183,
    "lon": 2.1634,
    "source": "static",
    "countryCode": "ES",
    "cityId": "barcelona"
  },
  {
    "id": "city-barcelona-camp-nou",
    "name": "Camp Nou",
    "category": "landmarks",
    "lat": 41.3809,
    "lon": 2.1228,
    "source": "static",
    "countryCode": "ES",
    "cityId": "barcelona"
  },
  {
    "id": "city-barcelona-casa-batllo",
    "name": "Casa Batllo",
    "category": "landmarks",
    "lat": 41.3917,
    "lon": 2.1649,
    "source": "static",
    "countryCode": "ES",
    "cityId": "barcelona"
  },
  {
    "id": "city-barcelona-casa-mila",
    "name": "Casa Mila",
    "category": "landmarks",
    "lat": 41.3954,
    "lon": 2.1619,
    "source": "static",
    "countryCode": "ES",
    "cityId": "barcelona"
  },
  {
    "id": "city-barcelona-central-market-barcelona-2",
    "name": "Central Market (Barcelona) 2",
    "category": "food",
    "lat": 41.3898,
    "lon": 2.1407,
    "source": "static",
    "countryCode": "ES",
    "cityId": "barcelona"
  },
  {
    "id": "city-barcelona-city-park-barcelona-4",
    "name": "City Park (Barcelona) 4",
    "category": "nature",
    "lat": 41.4087,
    "lon": 2.1988,
    "source": "static",
    "countryCode": "ES",
    "cityId": "barcelona"
  },
  {
    "id": "city-barcelona-el-born",
    "name": "El Born",
    "category": "food",
    "lat": 41.3851,
    "lon": 2.181,
    "source": "static",
    "countryCode": "ES",
    "cityId": "barcelona"
  },
  {
    "id": "city-barcelona-gothic-quarter",
    "name": "Gothic Quarter",
    "category": "landmarks",
    "lat": 41.3839,
    "lon": 2.1763,
    "source": "static",
    "countryCode": "ES",
    "cityId": "barcelona"
  },
  {
    "id": "city-barcelona-gracia",
    "name": "Gracia",
    "category": "food",
    "lat": 41.3922,
    "lon": 2.1494,
    "source": "static",
    "countryCode": "ES",
    "cityId": "barcelona"
  },
  {
    "id": "city-barcelona-gracia-district",
    "name": "Gràcia District",
    "category": "food",
    "lat": 41.4,
    "lon": 2.158,
    "source": "static",
    "countryCode": "ES",
    "cityId": "barcelona"
  },
  {
    "id": "city-barcelona-historic-cathedral-barcelona-5",
    "name": "Historic Cathedral (Barcelona) 5",
    "category": "landmarks",
    "lat": 41.408,
    "lon": 2.161,
    "source": "static",
    "countryCode": "ES",
    "cityId": "barcelona"
  },
  {
    "id": "city-barcelona-la-boqueria-market",
    "name": "La Boqueria Market",
    "category": "food",
    "lat": 41.3826,
    "lon": 2.1718,
    "source": "static",
    "countryCode": "ES",
    "cityId": "barcelona"
  },
  {
    "id": "city-barcelona-la-rambla",
    "name": "La Rambla",
    "category": "food",
    "lat": 41.3809,
    "lon": 2.1736,
    "source": "static",
    "countryCode": "ES",
    "cityId": "barcelona"
  },
  {
    "id": "city-barcelona-local-food-street-barcelona-8",
    "name": "Local Food Street (Barcelona) 8",
    "category": "food",
    "lat": 41.3918,
    "lon": 2.1586,
    "source": "static",
    "countryCode": "ES",
    "cityId": "barcelona"
  },
  {
    "id": "city-barcelona-magic-fountain-of-montjuic",
    "name": "Magic Fountain of Montjuïc",
    "category": "landmarks",
    "lat": 41.3712,
    "lon": 2.1519,
    "source": "static",
    "countryCode": "ES",
    "cityId": "barcelona"
  },
  {
    "id": "city-barcelona-magic-fountain-of-montjuic-2",
    "name": "Magic Fountain of Montjuic",
    "category": "landmarks",
    "lat": 41.3769,
    "lon": 2.1782,
    "source": "static",
    "countryCode": "ES",
    "cityId": "barcelona"
  },
  {
    "id": "city-barcelona-main-square-barcelona-9",
    "name": "Main Square (Barcelona) 9",
    "category": "landmarks",
    "lat": 41.3673,
    "lon": 2.1802,
    "source": "static",
    "countryCode": "ES",
    "cityId": "barcelona"
  },
  {
    "id": "city-barcelona-mnac-museu-nacional-d-art-de-catalunya",
    "name": "MNAC (Museu Nacional d'Art de Catalunya)",
    "category": "museums",
    "lat": 41.3688,
    "lon": 2.153,
    "source": "static",
    "countryCode": "ES",
    "cityId": "barcelona"
  },
  {
    "id": "city-barcelona-modern-art-gallery-barcelona-6",
    "name": "Modern Art Gallery (Barcelona) 6",
    "category": "museums",
    "lat": 41.3884,
    "lon": 2.162,
    "source": "static",
    "countryCode": "ES",
    "cityId": "barcelona"
  },
  {
    "id": "city-barcelona-montjuic-cable-car",
    "name": "Montjuïc Cable Car",
    "category": "landmarks",
    "lat": 41.3633,
    "lon": 2.165,
    "source": "static",
    "countryCode": "ES",
    "cityId": "barcelona"
  },
  {
    "id": "city-barcelona-montjuic-castle",
    "name": "Montjuic Castle",
    "category": "landmarks",
    "lat": 41.3649,
    "lon": 2.1653,
    "source": "static",
    "countryCode": "ES",
    "cityId": "barcelona"
  },
  {
    "id": "city-barcelona-nightlife-district-barcelona-7",
    "name": "Nightlife District (Barcelona) 7",
    "category": "nightlife",
    "lat": 41.3867,
    "lon": 2.1883,
    "source": "static",
    "countryCode": "ES",
    "cityId": "barcelona"
  },
  {
    "id": "city-barcelona-old-town-barcelona-1",
    "name": "Old Town (Barcelona) 1",
    "category": "landmarks",
    "lat": 41.3839,
    "lon": 2.1499,
    "source": "static",
    "countryCode": "ES",
    "cityId": "barcelona"
  },
  {
    "id": "city-barcelona-palau-de-la-musica-catalana",
    "name": "Palau de la Música Catalana",
    "category": "museums",
    "lat": 41.3873,
    "lon": 2.1751,
    "source": "static",
    "countryCode": "ES",
    "cityId": "barcelona"
  },
  {
    "id": "city-barcelona-palau-de-la-musica-catalana-2",
    "name": "Palau de la Musica Catalana",
    "category": "museums",
    "lat": 41.3805,
    "lon": 2.1633,
    "source": "static",
    "countryCode": "ES",
    "cityId": "barcelona"
  },
  {
    "id": "city-barcelona-parc-de-la-ciutadella",
    "name": "Parc de la Ciutadella",
    "category": "nature",
    "lat": 41.3993,
    "lon": 2.1463,
    "source": "static",
    "countryCode": "ES",
    "cityId": "barcelona"
  },
  {
    "id": "city-barcelona-park-guell",
    "name": "Park Guell",
    "category": "nature",
    "lat": 41.4145,
    "lon": 2.1527,
    "source": "static",
    "countryCode": "ES",
    "cityId": "barcelona"
  },
  {
    "id": "city-barcelona-passeig-de-gracia",
    "name": "Passeig de Gracia",
    "category": "landmarks",
    "lat": 41.3916,
    "lon": 2.1649,
    "source": "static",
    "countryCode": "ES",
    "cityId": "barcelona"
  },
  {
    "id": "city-barcelona-picasso-museum",
    "name": "Picasso Museum",
    "category": "museums",
    "lat": 41.3852,
    "lon": 2.1804,
    "source": "static",
    "countryCode": "ES",
    "cityId": "barcelona"
  },
  {
    "id": "city-barcelona-poble-espanyol",
    "name": "Poble Espanyol",
    "category": "museums",
    "lat": 41.3698,
    "lon": 2.1483,
    "source": "static",
    "countryCode": "ES",
    "cityId": "barcelona"
  },
  {
    "id": "city-barcelona-poble-sec-tapas-streets",
    "name": "Poble Sec Tapas Streets",
    "category": "food",
    "lat": 41.3716,
    "lon": 2.1597,
    "source": "static",
    "countryCode": "ES",
    "cityId": "barcelona"
  },
  {
    "id": "city-barcelona-port-olimpic-nightlife",
    "name": "Port Olímpic Nightlife",
    "category": "nightlife",
    "lat": 41.3899,
    "lon": 2.1964,
    "source": "static",
    "countryCode": "ES",
    "cityId": "barcelona"
  },
  {
    "id": "city-barcelona-port-vell",
    "name": "Port Vell",
    "category": "landmarks",
    "lat": 41.3791,
    "lon": 2.185,
    "source": "static",
    "countryCode": "ES",
    "cityId": "barcelona"
  },
  {
    "id": "city-barcelona-razzmatazz",
    "name": "Razzmatazz",
    "category": "nightlife",
    "lat": 41.3972,
    "lon": 2.1915,
    "source": "static",
    "countryCode": "ES",
    "cityId": "barcelona"
  },
  {
    "id": "city-barcelona-razzmatazz-club",
    "name": "Razzmatazz Club",
    "category": "nightlife",
    "lat": 41.4024,
    "lon": 2.1482,
    "source": "static",
    "countryCode": "ES",
    "cityId": "barcelona"
  },
  {
    "id": "city-barcelona-riverside-promenade-barcelona-3",
    "name": "Riverside Promenade (Barcelona) 3",
    "category": "nature",
    "lat": 41.3659,
    "lon": 2.1816,
    "source": "static",
    "countryCode": "ES",
    "cityId": "barcelona"
  },
  {
    "id": "city-barcelona-sagrada-familia",
    "name": "Sagrada Familia",
    "category": "landmarks",
    "lat": 41.4036,
    "lon": 2.1744,
    "source": "static",
    "countryCode": "ES",
    "cityId": "barcelona"
  },
  {
    "id": "city-barcelona-tibidabo",
    "name": "Tibidabo",
    "category": "nature",
    "lat": 41.4226,
    "lon": 2.1189,
    "source": "static",
    "countryCode": "ES",
    "cityId": "barcelona"
  }
]