[
  {
    "id": "country-gr-acropolis",
    "name": "Acropolis",
    "category": "landmarks",
    "lat": 37.9715,
    "lon": 23.7257,
    "source": "static",
    "countryCode": "GR",
    "address": "Περίπατος Ακρόπολης (Βόρεια κλιτύς)",
    "city": "Athens"
  },
  {
    "id": "country-gr-santorini-oia",
    "name": "Santorini Oia",
    "category": "nature",
    "lat": 36.4618,
    "lon": 25.3753,
    "source": "static",
    "countryCode": "GR",
    "address": "Αρμένιοι",
    "city": "Ia Municipal Unit"
  },
  {
    "id": "country-gr-meteora",
    "name": "Meteora",
    "category": "nature",
    "lat": 39.7216,
    "lon": 21.63,
    "source": "static",
    "countryCode": "GR",
    "address": "Μετέωρα - Καστράκι",
    "city": "Kalabaka"
  },
  {
    "id": "country-gr-delphi",
    "name": "Delphi",
    "category": "landmarks",
    "lat": 38.4827,
    "lon": 22.501,
    "source": "static",
    "countryCode": "GR"
  },
  {
    "id": "country-gr-mykonos-little-venice",
    "name": "Mykonos Little Venice",
    "category": "nightlife",
    "lat": 37.4467,
    "lon": 25.3289,
    "source": "static",
    "countryCode": "GR"
  },
  {
    "id": "country-gr-palace-of-knossos",
    "name": "Palace of Knossos",
    "category": "landmarks",
    "lat": 35.2989,
    "lon": 25.1634,
    "source": "static",
    "countryCode": "GR"
  },
  {
    "id": "country-gr-acropolis-museum",
    "name": "Acropolis Museum",
    "category": "museums",
    "lat": 37.9681,
    "lon": 23.7286,
    "source": "static",
    "countryCode": "GR"
  },
  {
    "id": "country-gr-navagio-beach",
    "name": "Navagio Beach",
    "category": "nature",
    "lat": 37.8597,
    "lon": 20.624,
    "source": "static",
    "countryCode": "GR"
  },
  {
    "id": "country-gr-white-tower",
    "name": "White Tower of Thessaloniki",
    "category": "landmarks",
    "lat": 40.6264,
    "lon": 22.9485,
    "source": "static",
    "countryCode": "GR"
  },
  {
    "id": "country-gr-monastiraki",
    "name": "Monastiraki",
    "category": "food",
    "lat": 37.976,
    "lon": 23.725,
    "source": "static",
    "countryCode": "GR"
  },
  {
    "id": "country-gr-plaka-athens",
    "name": "Plaka (Athens)",
    "category": "food",
    "lat": 37.973,
    "lon": 23.7285,
    "source": "static",
    "countryCode": "GR"
  },
  {
    "id": "country-gr-syntagma-square",
    "name": "Syntagma Square",
    "category": "landmarks",
    "lat": 37.9755,
    "lon": 23.7347,
    "source": "static",
    "countryCode": "GR"
  },
  {
    "id": "country-gr-rhodes-old-town",
    "name": "Rhodes Old Town",
    "category": "landmarks",
    "lat": 36.4467,
    "lon": 28.227,
    "source": "static",
    "countryCode": "GR"
  },
  {
    "id": "country-gr-corfu-old-town",
    "name": "Corfu Old Town",
    "category": "landmarks",
    "lat": 39.6243,
    "lon": 19.9217,
    "source": "static",
    "countryCode": "GR"
  },
  {
    "id": "country-gr-naxos-chora",
    "name": "Naxos Chora",
    "category": "nature",
    "lat": 37.1045,
    "lon": 25.3773,
    "source": "static",
    "countryCode": "GR"
  },
  {
    "id": "country-gr-laganas-strip-zakynthos",
    "name": "Laganas Strip (Zakynthos)",
    "category": "nightlife",
    "lat": 37.728,
    "lon": 20.868,
    "source": "static",
    "countryCode": "GR"
  },
  {
    "id": "country-gr-elafonissi-beach-crete",
    "name": "Elafonissi Beach (Crete)",
    "category": "nature",
    "lat": 35.2715,
    "lon": 23.5413,
    "source": "static",
    "countryCode": "GR"
  },
  {
    "id": "country-gr-ladadika-thessaloniki",
    "name": "Ladadika (Thessaloniki)",
    "category": "nightlife",
    "lat": 40.633,
    "lon": 22.936,
    "source": "static",
    "countryCode": "GR"
  },
  {
    "id": "country-gr-mount-olympus-litochoro",
    "name": "Mount Olympus (Litochoro)",
    "category": "nature",
    "lat": 40.1,
    "lon": 22.497,
    "source": "static",
    "countryCode": "GR"
  },
  {
    "id": "country-gr-hydra-port",
    "name": "Hydra Port",
    "category": "landmarks",
    "lat": 37.3495,
    "lon": 23.465,
    "source": "static",
    "countryCode": "GR"
  },
  {
    "id": "country-gr-nafplio-old-town",
    "name": "Nafplio Old Town",
    "category": "landmarks",
    "lat": 37.5686,
    "lon": 22.8062,
    "source": "static",
    "countryCode": "GR"
  },
  {
    "id": "country-gr-athens-central-market",
    "name": "Athens Central Market",
    "category": "food",
    "lat": 37.9802,
    "lon": 23.7266,
    "source": "static",
    "countryCode": "GR"
  },
  {
    "id": "country-gr-ancient-agora-athens",
    "name": "Ancient Agora (Athens)",
    "category": "landmarks",
    "lat": 37.9755,
    "lon": 23.7218,
    "source": "static",
    "countryCode": "GR"
  },
  {
    "id": "country-gr-mykonos-beach-clubs-paradise-beach",
    "name": "Mykonos Beach Clubs (Paradise Beach)",
    "category": "nightlife",
    "lat": 37.4012,
    "lon": 25.3477,
    "source": "static",
    "countryCode": "GR"
  },
  {
    "id": "country-gr-piraeus-port-marina-zeas",
    "name": "Piraeus Port & Marina Zeas",
    "category": "food",
    "lat": 37.94,
    "lon": 23.647,
    "source": "static",
    "countryCode": "GR"
  }
]
