[
  {
    "id": "country-it-colosseum",
    "name": "Colosseum",
    "category": "landmarks",
    "lat": 41.8902,
    "lon": 12.4922,
    "source": "static",
    "countryCode": "IT",
    "address": "Municipio Roma I",
    "city": "Rome"
  },
  {
    "id": "country-it-vatican-museums",
    "name": "Vatican Museums",
    "category": "museums",
    "lat": 41.9065,
    "lon": 12.4536,
    "source": "static",
    "countryCode": "IT",
    "address": "Viale della Zitella"
  },
  {
    "id": "country-it-grand-canal",
    "name": "Grand Canal",
    "category": "landmarks",
    "lat": 45.437,
    "lon": 12.3358,
    "source": "static",
    "countryCode": "IT",
    "address": "Calle larga Mazzini",
    "city": "Venice"
  },
  {
    "id": "country-it-florence-duomo",
    "name": "Florence Duomo",
    "category": "landmarks",
    "lat": 43.7731,
    "lon": 11.256,
    "source": "static",
    "countryCode": "IT"
  },
  {
    "id": "country-it-leaning-tower-of-pisa",
    "name": "Leaning Tower of Pisa",
    "category": "landmarks",
    "lat": 43.7229,
    "lon": 10.3966,
    "source": "static",
    "countryCode": "IT"
  },
  {
    "id": "country-it-amalfi-coast",
    "name": "Amalfi Coast",
    "category": "nature",
    "lat": 40.6281,
    "lon": 14.485,
    "source": "static",
    "countryCode": "IT"
  },
  {
    "id": "country-it-milan-cathedral",
    "name": "Milan Cathedral",
    "category": "landmarks",
    "lat": 45.4642,
    "lon": 9.1916,
    "source": "static",
    "countryCode": "IT"
  },
  {
    "id": "country-it-cinque-terre",
    "name": "Cinque Terre",
    "category": "nature",
    "lat": 44.1461,
    "lon": 9.6549,
    "source": "static",
    "countryCode": "IT"
  },
  {
    "id": "country-it-pompeii",
    "name": "Pompeii",
    "category": "museums",
    "lat": 40.7497,
    "lon": 14.4869,
    "source": "static",
    "countryCode": "IT"
  },
  {
    "id": "country-it-lake-como",
    "name": "Lake Como",
    "category": "nature",
    "lat": 46.016,
    "lon": 9.257,
    "source": "static",
    "countryCode": "IT"
  },
  {
    "id": "country-it-rome-goa-club",
    "name": "Goa Club (Rome)",
    "category": "nightlife",
    "lat": 41.9074,
    "lon": 12.4779,
    "source": "static",
    "countryCode": "IT"
  },
  {
    "id": "country-it-rome-shari-vari",
    "name": "Shari Vari (Rome)",
    "category": "nightlife",
    "lat": 41.8946,
    "lon": 12.4785,
    "source": "static",
    "countryCode": "IT"
  },
  {
    "id": "country-it-milan-hollywood",
    "name": "Hollywood Rythmoteque (Milan)",
    "category": "nightlife",
    "lat": 45.4813,
    "lon": 9.1879,
    "source": "static",
    "countryCode": "IT"
  },
  {
    "id": "country-it-milan-alcatraz",
    "name": "Alcatraz (Milan)",
    "category": "nightlife",
    "lat": 45.499,
    "lon": 9.1843,
    "source": "static",
    "countryCode": "IT"
  },
  {
    "id": "country-it-naples-lanificio-25",
    "name": "Lanificio 25 (Naples)",
    "category": "nightlife",
    "lat": 40.857,
    "lon": 14.2468,
    "source": "static",
    "countryCode": "IT"
  },
  {
    "id": "country-it-florence-tenax",
    "name": "Tenax (Florence)",
    "category": "nightlife",
    "lat": 43.8006,
    "lon": 11.213,
    "source": "static",
    "countryCode": "IT"
  },
  {
    "id": "country-it-uffizi-gallery",
    "name": "Uffizi Gallery",
    "category": "museums",
    "lat": 43.7687,
    "lon": 11.255,
    "source": "static",
    "countryCode": "IT"
  },
  {
    "id": "country-it-st-mark-s-basilica",
    "name": "St Mark's Basilica",
    "category": "landmarks",
    "lat": 45.4342,
    "lon": 12.3397,
    "source": "static",
    "countryCode": "IT"
  },
  {
    "id": "country-it-trevi-fountain",
    "name": "Trevi Fountain",
    "category": "landmarks",
    "lat": 41.9009,
    "lon": 12.4833,
    "source": "static",
    "countryCode": "IT"
  },
  {
    "id": "country-it-pantheon",
    "name": "Pantheon",
    "category": "landmarks",
    "lat": 41.8986,
    "lon": 12.4769,
    "source": "static",
    "countryCode": "IT"
  },
  {
    "id": "country-it-piazza-navona",
    "name": "Piazza Navona",
    "category": "landmarks",
    "lat": 41.8992,
    "lon": 12.4731,
    "source": "static",
    "countryCode": "IT"
  },
  {
    "id": "country-it-trastevere-nightlife",
    "name": "Trastevere Nightlife",
    "category": "nightlife",
    "lat": 41.8891,
    "lon": 12.4701,
    "source": "static",
    "countryCode": "IT"
  },
  {
    "id": "country-it-bologna-quadrilatero",
    "name": "Bologna Quadrilatero",
    "category": "food",
    "lat": 44.4949,
    "lon": 11.3449,
    "source": "static",
    "countryCode": "IT"
  },
  {
    "id": "country-it-verona-arena",
    "name": "Verona Arena",
    "category": "landmarks",
    "lat": 45.4386,
    "lon": 10.9942,
    "source": "static",
    "countryCode": "IT"
  },
  {
    "id": "country-it-matera-sassi",
    "name": "Matera (Sassi)",
    "category": "landmarks",
    "lat": 40.6663,
    "lon": 16.6043,
    "source": "static",
    "countryCode": "IT"
  }
]
