[
  {
    "id": "country-nl-canal-ring",
    "name": "Amsterdam Canal Ring",
    "category": "landmarks",
    "lat": 52.3725,
    "lon": 4.8936,
    "source": "static",
    "countryCode": "NL",
    "address": "21 Dam",
    "city": "Amsterdam"
  },
  {
    "id": "country-nl-rijksmuseum",
    "name": "Rijksmuseum",
    "category": "museums",
    "lat": 52.36,
    "lon": 4.8852,
    "source": "static",
    "countryCode": "NL",
    "address": "19 Hobbemastraat",
    "city": "Amsterdam"
  },
  {
    "id": "country-nl-keukenhof",
    "name": "Keukenhof Gardens",
    "category": "nature",
    "lat": 52.271,
    "lon": 4.546,
    "source": "static",
    "countryCode": "NL",
    "address": "Stapstenen",
    "city": "Lisse"
  },
  {
    "id": "country-nl-kinderdijk",
    "name": "Kinderdijk Windmills",
    "category": "landmarks",
    "lat": 51.884,
    "lon": 4.638,
    "source": "static",
    "countryCode": "NL"
  },
  {
    "id": "country-nl-giethoorn",
    "name": "Giethoorn",
    "category": "nature",
    "lat": 52.7425,
    "lon": 6.0836,
    "source": "static",
    "countryCode": "NL"
  },
  {
    "id": "country-nl-vrijthof",
    "name": "Vrijthof Square",
    "category": "food",
    "lat": 50.8514,
    "lon": 5.69,
    "source": "static",
    "countryCode": "NL"
  },
  {
    "id": "country-nl-markthal",
    "name": "Rotterdam Markthal",
    "category": "food",
    "lat": 51.9203,
    "lon": 4.4867,
    "source": "static",
    "countryCode": "NL"
  },
  {
    "id": "country-nl-binnenhof",
    "name": "Binnenhof",
    "category": "landmarks",
    "lat": 52.079,
    "lon": 4.3125,
    "source": "static",
    "countryCode": "NL"
  },
  {
    "id": "country-nl-anne-frank-house",
    "name": "Anne Frank House",
    "category": "museums",
    "lat": 52.3752,
    "lon": 4.8839,
    "source": "static",
    "countryCode": "NL"
  },
  {
    "id": "country-nl-utrecht-dom-tower",
    "name": "Utrecht Dom Tower",
    "category": "landmarks",
    "lat": 52.0908,
    "lon": 5.1222,
    "source": "static",
    "countryCode": "NL"
  },
  {
    "id": "country-nl-van-gogh-museum",
    "name": "Van Gogh Museum",
    "category": "museums",
    "lat": 52.3584,
    "lon": 4.8811,
    "source": "static",
    "countryCode": "NL"
  },
  {
    "id": "country-nl-zaanse-schans",
    "name": "Zaanse Schans",
    "category": "landmarks",
    "lat": 52.473,
    "lon": 4.817,
    "source": "static",
    "countryCode": "NL"
  },
  {
    "id": "country-nl-efteling-theme-park",
    "name": "Efteling Theme Park",
    "category": "other",
    "lat": 51.65,
    "lon": 5.05,
    "source": "static",
    "countryCode": "NL"
  },
  {
    "id": "country-nl-delft-market-square",
    "name": "Delft Market Square",
    "category": "landmarks",
    "lat": 52.0116,
    "lon": 4.3571,
    "source": "static",
    "countryCode": "NL"
  },
  {
    "id": "country-nl-haarlem-grote-markt",
    "name": "Haarlem Grote Markt",
    "category": "landmarks",
    "lat": 52.381,
    "lon": 4.636,
    "source": "static",
    "countryCode": "NL"
  },
  {
    "id": "country-nl-leiden-canals",
    "name": "Leiden Canals",
    "category": "landmarks",
    "lat": 52.1601,
    "lon": 4.497,
    "source": "static",
    "countryCode": "NL"
  },
  {
    "id": "country-nl-scheveningen-beach",
    "name": "Scheveningen Beach",
    "category": "nature",
    "lat": 52.1076,
    "lon": 4.28,
    "source": "static",
    "countryCode": "NL"
  },
  {
    "id": "country-nl-erasmus-bridge",
    "name": "Erasmus Bridge",
    "category": "landmarks",
    "lat": 51.909,
    "lon": 4.484,
    "source": "static",
    "countryCode": "NL"
  },
  {
    "id": "country-nl-rotterdam-cube-houses",
    "name": "Rotterdam Cube Houses",
    "category": "landmarks",
    "lat": 51.92,
    "lon": 4.488,
    "source": "static",
    "countryCode": "NL"
  },
  {
    "id": "country-nl-maastricht-old-town",
    "name": "Maastricht Old Town",
    "category": "landmarks",
    "lat": 50.851,
    "lon": 5.691,
    "source": "static",
    "countryCode": "NL"
  },
  {
    "id": "country-nl-texel-dunes",
    "name": "Texel Dunes",
    "category": "nature",
    "lat": 53.047,
    "lon": 4.797,
    "source": "static",
    "countryCode": "NL"
  },
  {
    "id": "country-nl-de-hoge-veluwe-national-park",
    "name": "De Hoge Veluwe National Park",
    "category": "nature",
    "lat": 52.078,
    "lon": 5.819,
    "source": "static",
    "countryCode": "NL"
  },
  {
    "id": "country-nl-albert-cuyp-market",
    "name": "Albert Cuyp Market",
    "category": "food",
    "lat": 52.3547,
    "lon": 4.8929,
    "source": "static",
    "countryCode": "NL"
  },
  {
    "id": "country-nl-leidseplein-nightlife",
    "name": "Leidseplein Nightlife",
    "category": "nightlife",
    "lat": 52.364,
    "lon": 4.882,
    "source": "static",
    "countryCode": "NL"
  },
  {
    "id": "country-nl-de-pijp-food-district",
    "name": "De Pijp Food District",
    "category": "food",
    "lat": 52.353,
    "lon": 4.89,
    "source": "static",
    "countryCode": "NL"
  }
]
