[
  {
    "id": "country-tr-hagia-sophia",
    "name": "Hagia Sophia",
    "category": "landmarks",
    "lat": 41.0086,
    "lon": 28.9802,
    "source": "static",
    "countryCode": "TR",
    "address": "Sultanahmet Meydanı",
    "city": "Istanbul"
  },
  {
    "id": "country-tr-cappadocia-goreme",
    "name": "Cappadocia Goreme",
    "category": "nature",
    "lat": 38.6431,
    "lon": 34.8307,
    "source": "static",
    "countryCode": "TR",
    "address": "Müze Caddesi",
    "city": "Göreme"
  },
  {
    "id": "country-tr-pamukkale",
    "name": "Pamukkale",
    "category": "nature",
    "lat": 37.9167,
    "lon": 29.1187,
    "source": "static",
    "countryCode": "TR",
    "address": "Fatih Caddesi",
    "city": "Pamukkale"
  },
  {
    "id": "country-tr-ephesus",
    "name": "Ephesus",
    "category": "landmarks",
    "lat": 37.939,
    "lon": 27.341,
    "source": "static",
    "countryCode": "TR",
    "address": "Mermer Cadde",
    "city": "Selçuk"
  },
  {
    "id": "country-tr-blue-mosque",
    "name": "Blue Mosque",
    "category": "landmarks",
    "lat": 41.0054,
    "lon": 28.9768,
    "source": "static",
    "countryCode": "TR",
    "address": "Atmeydanı Caddesi 7",
    "city": "Istanbul"
  },
  {
    "id": "country-tr-grand-bazaar",
    "name": "Grand Bazaar",
    "category": "food",
    "lat": 41.0107,
    "lon": 28.9681,
    "source": "static",
    "countryCode": "TR",
    "address": "Halıcılar Caddesi 61-63",
    "city": "Istanbul"
  },
  {
    "id": "country-tr-bosphorus-bridge-viewpoint",
    "name": "Bosphorus Bridge Viewpoint",
    "category": "landmarks",
    "lat": 41.044,
    "lon": 29.036,
    "source": "static",
    "countryCode": "TR",
    "address": "Beylerbeyi Mah.",
    "city": "Istanbul"
  },
  {
    "id": "country-tr-topkapi-palace",
    "name": "Topkapi Palace",
    "category": "museums",
    "lat": 41.0115,
    "lon": 28.9833,
    "source": "static",
    "countryCode": "TR",
    "address": "Harem Ağaları Taşlığı",
    "city": "Istanbul"
  },
  {
    "id": "country-tr-antalya-old-town",
    "name": "Antalya Old Town",
    "category": "food",
    "lat": 36.8841,
    "lon": 30.7056,
    "source": "static",
    "countryCode": "TR",
    "address": "Zafer Sokak",
    "city": "Antalya"
  },
  {
    "id": "country-tr-mount-nemrut",
    "name": "Mount Nemrut",
    "category": "nature",
    "lat": 37.9809,
    "lon": 38.74,
    "source": "static",
    "countryCode": "TR",
    "address": "West terrace",
    "city": "Kâhta"
  },
  {
    "id": "country-tr-galata-tower",
    "name": "Galata Tower",
    "category": "landmarks",
    "lat": 41.0256,
    "lon": 28.9744,
    "source": "static",
    "countryCode": "TR",
    "address": "Bereketzade Mahallesi",
    "city": "Istanbul"
  },
  {
    "id": "country-tr-taksim-square",
    "name": "Taksim Square",
    "category": "landmarks",
    "lat": 41.0369,
    "lon": 28.9862,
    "source": "static",
    "countryCode": "TR",
    "address": "Taksim Meydanı",
    "city": "Istanbul"
  },
  {
    "id": "country-tr-istiklal-avenue",
    "name": "Istiklal Avenue",
    "category": "food",
    "lat": 41.0339,
    "lon": 28.9776,
    "source": "static",
    "countryCode": "TR",
    "address": "İstiklal caddesi",
    "city": "Istanbul"
  },
  {
    "id": "country-tr-kadikoy",
    "name": "Kadikoy",
    "category": "food",
    "lat": 40.9909,
    "lon": 29.0281,
    "source": "static",
    "countryCode": "TR",
    "address": "Nal Sokağı 11",
    "city": "Istanbul"
  },
  {
    "id": "country-tr-bodrum-marina",
    "name": "Bodrum Marina",
    "category": "nightlife",
    "lat": 37.0344,
    "lon": 27.4305,
    "source": "static",
    "countryCode": "TR",
    "address": "Cevat Şakir Caddesi",
    "city": "Bodrum"
  },
  {
    "id": "country-tr-oludeniz-beach",
    "name": "Ölüdeniz Beach",
    "category": "nature",
    "lat": 36.546,
    "lon": 29.124,
    "source": "static",
    "countryCode": "TR",
    "address": "Denizpark Caddesi",
    "city": "Fethiye"
  },
  {
    "id": "country-tr-fethiye-old-town",
    "name": "Fethiye Old Town",
    "category": "landmarks",
    "lat": 36.623,
    "lon": 29.116,
    "source": "static",
    "countryCode": "TR",
    "address": "505. Sokak",
    "city": "Fethiye"
  },
  {
    "id": "country-tr-kas-old-town",
    "name": "Kaş Old Town",
    "category": "food",
    "lat": 36.201,
    "lon": 29.637,
    "source": "static",
    "countryCode": "TR",
    "address": "Uğur Mumcu Caddesi",
    "city": "Kaş"
  },
  {
    "id": "country-tr-izmir-kordon",
    "name": "İzmir Kordon",
    "category": "landmarks",
    "lat": 38.43,
    "lon": 27.128,
    "source": "static",
    "countryCode": "TR",
    "address": "Atatürk Caddesi",
    "city": "İzmir"
  },
  {
    "id": "country-tr-ankara-antkabir",
    "name": "Ankara Anıtkabir",
    "category": "landmarks",
    "lat": 39.925,
    "lon": 32.8369,
    "source": "static",
    "countryCode": "TR",
    "address": "Akdeniz Caddesi 31",
    "city": "Ankara"
  },
  {
    "id": "country-tr-sumela-monastery",
    "name": "Sümela Monastery",
    "category": "landmarks",
    "lat": 40.6946,
    "lon": 39.653,
    "source": "static",
    "countryCode": "TR",
    "address": "61-53",
    "city": "Maçka"
  },
  {
    "id": "country-tr-mardin-old-town",
    "name": "Mardin Old Town",
    "category": "landmarks",
    "lat": 37.312,
    "lon": 40.735,
    "source": "static",
    "countryCode": "TR",
    "address": "Necmettin Mahallesi",
    "city": "Mardin"
  },
  {
    "id": "country-tr-bursa-grand-mosque",
    "name": "Bursa Grand Mosque",
    "category": "landmarks",
    "lat": 40.1844,
    "lon": 29.0619,
    "source": "static",
    "countryCode": "TR",
    "address": "Eski Sahaflar Çarşısı Sokak",
    "city": "Osmangazi"
  },
  {
    "id": "country-tr-marmaris-bar-street",
    "name": "Marmaris Bar Street",
    "category": "nightlife",
    "lat": 36.855,
    "lon": 28.274,
    "source": "static",
    "countryCode": "TR",
    "address": "27 Sokak",
    "city": "Marmaris"
  },
  {
    "id": "country-tr-alacat-cesme",
    "name": "Alaçatı (Çeşme)",
    "category": "food",
    "lat": 38.285,
    "lon": 26.372,
    "source": "static",
    "countryCode": "TR",
    "address": "Kemalpaşa Caddesi 10",
    "city": "Çeşme"
  },
  {
    "id": "country-tr-istanbul-arnavutkoy-nightlife",
    "name": "Arnavutkoy Nightlife",
    "category": "nightlife",
    "lat": 41.0675,
    "lon": 29.042,
    "source": "static",
    "countryCode": "TR",
    "address": "Arnavutköy Mahallesi",
    "city": "Istanbul"
  },
  {
    "id": "country-tr-istanbul-balat",
    "name": "Balat",
    "category": "landmarks",
    "lat": 41.0048,
    "lon": 28.9569,
    "source": "static",
    "countryCode": "TR",
    "address": "Alişan Sokağı",
    "city": "Istanbul"
  },
  {
    "id": "country-tr-istanbul-balat-colorful-streets",
    "name": "Balat Colorful Streets",
    "category": "landmarks",
    "lat": 41.029,
    "lon": 28.948,
    "source": "static",
    "countryCode": "TR",
    "address": "Atgeçmez Sokağı",
    "city": "Istanbul"
  },
  {
    "id": "country-tr-istanbul-basilica-cistern",
    "name": "Basilica Cistern",
    "category": "museums",
    "lat": 41.0084,
    "lon": 28.9779,
    "source": "static",
    "countryCode": "TR",
    "address": "Yerebatan Caddesi 1",
    "city": "Istanbul"
  },
  {
    "id": "country-tr-istanbul-bebek-waterfront",
    "name": "Bebek Waterfront",
    "category": "food",
    "lat": 41.076,
    "lon": 29.044,
    "source": "static",
    "countryCode": "TR",
    "address": "Cevdetpaşa Caddesi",
    "city": "Istanbul"
  },
  {
    "id": "country-tr-istanbul-bosphorus-cruise-pier",
    "name": "Bosphorus Cruise Pier",
    "category": "nature",
    "lat": 41.0107,
    "lon": 28.9681,
    "source": "static",
    "countryCode": "TR",
    "address": "Halıcılar Caddesi 61-63",
    "city": "Istanbul"
  },
  {
    "id": "country-tr-istanbul-bosphorus-pier",
    "name": "Bosphorus Pier",
    "category": "nature",
    "lat": 41.043,
    "lon": 29.01,
    "source": "static",
    "countryCode": "TR",
    "address": "Sinanpaşa Kuyu Sokağı",
    "city": "Istanbul"
  },
  {
    "id": "country-tr-istanbul-central-market-istanbul-2",
    "name": "Central Market (Istanbul) 2",
    "category": "food",
    "lat": 41.0025,
    "lon": 28.9457,
    "source": "static",
    "countryCode": "TR",
    "address": "Cerrahpaşa Mahallesi",
    "city": "Istanbul"
  },
  {
    "id": "country-tr-istanbul-chora-church-kariye",
    "name": "Chora Church (Kariye)",
    "category": "museums",
    "lat": 41.0329,
    "lon": 28.94,
    "source": "static",
    "countryCode": "TR",
    "address": "Çakırağa Yokuşu Sokağı",
    "city": "Istanbul"
  },
  {
    "id": "country-tr-istanbul-city-park-istanbul-4",
    "name": "City Park (Istanbul) 4",
    "category": "nature",
    "lat": 40.9983,
    "lon": 29.0054,
    "source": "static",
    "countryCode": "TR",
    "address": "Avrasya Tüneli",
    "city": "Istanbul"
  },
  {
    "id": "country-tr-istanbul-dolmabahce-palace",
    "name": "Dolmabahce Palace",
    "category": "landmarks",
    "lat": 41.039,
    "lon": 29.0006,
    "source": "static",
    "countryCode": "TR",
    "address": "Dolmabahçe Caddesi",
    "city": "Istanbul"
  },
  {
    "id": "country-tr-istanbul-galata-bridge",
    "name": "Galata Bridge",
    "category": "landmarks",
    "lat": 41.018,
    "lon": 28.9582,
    "source": "static",
    "countryCode": "TR",
    "address": "Atatürk Bulvarı",
    "city": "Istanbul"
  },
  {
    "id": "country-tr-istanbul-historic-cathedral-istanbul-5",
    "name": "Historic Cathedral (Istanbul) 5",
    "category": "landmarks",
    "lat": 40.9983,
    "lon": 29.0081,
    "source": "static",
    "countryCode": "TR",
    "address": "Avrasya Tüneli",
    "city": "Istanbul"
  },
  {
    "id": "country-tr-istanbul-istanbul-archaeology-museums",
    "name": "Istanbul Archaeology Museums",
    "category": "museums",
    "lat": 41.0121,
    "lon": 28.9935,
    "source": "static",
    "countryCode": "TR",
    "address": "Avrasya Tüneli",
    "city": "Istanbul"
  },
  {
    "id": "country-tr-istanbul-istanbul-modern",
    "name": "Istanbul Modern",
    "category": "museums",
    "lat": 41.0287,
    "lon": 28.9848,
    "source": "static",
    "countryCode": "TR",
    "address": "Enli Yokuşu",
    "city": "Istanbul"
  },
  {
    "id": "country-tr-istanbul-istiklal-avenue",
    "name": "Istiklal Avenue",
    "category": "nightlife",
    "lat": 41.0351,
    "lon": 28.9776,
    "source": "static",
    "countryCode": "TR",
    "address": "Kameriye Sokağı",
    "city": "Istanbul"
  },
  {
    "id": "country-tr-istanbul-istiklal-street",
    "name": "Istiklal Street",
    "category": "food",
    "lat": 40.9932,
    "lon": 28.9956,
    "source": "static",
    "countryCode": "TR",
    "address": "Kemankeş Karamustafa Paşa",
    "city": "Istanbul"
  },
  {
    "id": "country-tr-istanbul-kadikoy-moda",
    "name": "Kadikoy (Moda)",
    "category": "food",
    "lat": 41.0194,
    "lon": 28.9959,
    "source": "static",
    "countryCode": "TR",
    "address": "Doğuş Meydanı",
    "city": "Istanbul"
  },
  {
    "id": "country-tr-istanbul-karakoy",
    "name": "Karakoy",
    "category": "food",
    "lat": 41.025,
    "lon": 28.977,
    "source": "static",
    "countryCode": "TR",
    "address": "Kemeraltı Caddesi 11",
    "city": "Istanbul"
  },
  {
    "id": "country-tr-istanbul-maiden-s-tower-viewpoint",
    "name": "Maiden's Tower Viewpoint",
    "category": "landmarks",
    "lat": 41.0211,
    "lon": 29.0041,
    "source": "static",
    "countryCode": "TR",
    "address": "Üsküdar Harem Sahil Yolu",
    "city": "Istanbul"
  },
  {
    "id": "country-tr-istanbul-moda-coast",
    "name": "Moda Coast",
    "category": "nature",
    "lat": 40.9838,
    "lon": 29.0235,
    "source": "static",
    "countryCode": "TR",
    "address": "Hünkar Sokağı 5",
    "city": "Istanbul"
  },
  {
    "id": "country-tr-istanbul-modern-art-gallery-istanbul-6",
    "name": "Modern Art Gallery (Istanbul) 6",
    "category": "museums",
    "lat": 41.0223,
    "lon": 28.9652,
    "source": "static",
    "countryCode": "TR",
    "address": "Peron 11",
    "city": "Istanbul"
  },
  {
    "id": "country-tr-istanbul-nisantasi",
    "name": "Nisantasi",
    "category": "food",
    "lat": 41.049,
    "lon": 28.994,
    "source": "static",
    "countryCode": "TR",
    "address": "Teşvikiye Caddesi",
    "city": "Istanbul"
  },
  {
    "id": "country-tr-istanbul-old-town-istanbul-1",
    "name": "Old Town (Istanbul) 1",
    "category": "landmarks",
    "lat": 41.0258,
    "lon": 28.9922,
    "source": "static",
    "countryCode": "TR",
    "address": "Ateşpare Sokağı",
    "city": "Istanbul"
  },
  {
    "id": "country-tr-istanbul-ortakoy-mosque",
    "name": "Ortakoy Mosque",
    "category": "landmarks",
    "lat": 41.005,
    "lon": 28.9907,
    "source": "static",
    "countryCode": "TR",
    "address": "Cankurtaran Meydanı Sokağı",
    "city": "Istanbul"
  },
  {
    "id": "country-tr-istanbul-ortakoy-waterfront",
    "name": "Ortakoy Waterfront",
    "category": "food",
    "lat": 41.0479,
    "lon": 29.0273,
    "source": "static",
    "countryCode": "TR",
    "address": "Mecidiye Köprüsü Sokağı",
    "city": "Istanbul"
  },
  {
    "id": "country-tr-istanbul-princes-islands",
    "name": "Princes' Islands",
    "category": "nature",
    "lat": 41.0241,
    "lon": 28.9731,
    "source": "static",
    "countryCode": "TR",
    "address": "Bankalar Caddesi 16",
    "city": "Istanbul"
  },
  {
    "id": "country-tr-istanbul-princes-islands-buyukada",
    "name": "Princes' Islands (Büyükada)",
    "category": "nature",
    "lat": 40.875,
    "lon": 29.125,
    "source": "static",
    "countryCode": "TR",
    "address": "Yirmiüç Nisan Caddesi",
    "city": "Istanbul"
  },
  {
    "id": "country-tr-istanbul-riverside-promenade-istanbul-3",
    "name": "Riverside Promenade (Istanbul) 3",
    "category": "nature",
    "lat": 40.9887,
    "lon": 29.0085,
    "source": "static",
    "countryCode": "TR",
    "address": "Rıhtım Meydanı",
    "city": "Istanbul"
  },
  {
    "id": "country-tr-istanbul-spice-bazaar",
    "name": "Spice Bazaar",
    "category": "food",
    "lat": 41.0165,
    "lon": 28.9706,
    "source": "static",
    "countryCode": "TR",
    "address": "Tahmis Sokağı",
    "city": "Istanbul"
  },
  {
    "id": "country-tr-istanbul-suleymaniye-mosque",
    "name": "Suleymaniye Mosque",
    "category": "landmarks",
    "lat": 41.0163,
    "lon": 28.9639,
    "source": "static",
    "countryCode": "TR",
    "address": "Profesör Doktor Sıddık Sami Onar Caddesi 1",
    "city": "Istanbul"
  },
  {
    "id": "country-tr-pera-museum",
    "name": "Pera Museum",
    "category": "museums",
    "lat": 41.0318031,
    "lon": 28.9752038,
    "source": "static",
    "countryCode": "TR",
    "address": "Meşrutiyet Caddesi 141",
    "city": "Istanbul"
  },
  {
    "id": "country-tr-rahmi-m-koc-museum",
    "name": "Rahmi M. Koc Museum",
    "category": "museums",
    "lat": 41.0419735,
    "lon": 28.9485686,
    "source": "static",
    "countryCode": "TR",
    "address": "Hasköy Caddesi",
    "city": "Istanbul"
  },
  {
    "id": "country-tr-emirgan-park",
    "name": "Emirgan Park",
    "category": "nature",
    "lat": 41.1090119,
    "lon": 29.0525172,
    "source": "static",
    "countryCode": "TR",
    "address": "Emirgan Mahallesi",
    "city": "Istanbul"
  },
  {
    "id": "country-tr-galataport-istanbul",
    "name": "Galataport Istanbul",
    "category": "other",
    "lat": 41.0256689,
    "lon": 28.9827435,
    "source": "static",
    "countryCode": "TR",
    "address": "Kılıçali Paşa",
    "city": "Istanbul"
  },
  {
    "id": "country-tr-ankara-castle",
    "name": "Ankara Castle",
    "category": "landmarks",
    "lat": 39.9414931,
    "lon": 32.865427,
    "source": "static",
    "countryCode": "TR",
    "address": "Kağnı Sokak",
    "city": "Ankara"
  },
  {
    "id": "country-tr-museum-of-anatolian-civilizations",
    "name": "Museum of Anatolian Civilizations",
    "category": "museums",
    "lat": 39.9379477,
    "lon": 32.8617618,
    "source": "static",
    "countryCode": "TR",
    "address": "Gözcü Sokak 2",
    "city": "Ankara"
  },
  {
    "id": "country-tr-konak-square",
    "name": "Konak Square",
    "category": "landmarks",
    "lat": 38.4189973,
    "lon": 27.1286316,
    "source": "static",
    "countryCode": "TR",
    "address": "Konak Meydanı",
    "city": "Izmir"
  },
  {
    "id": "country-tr-alsancak",
    "name": "Alsancak",
    "category": "nightlife",
    "lat": 38.4391964,
    "lon": 27.1437836,
    "source": "static",
    "countryCode": "TR",
    "address": "Alsancak Mahallesi",
    "city": "Izmir"
  },
  {
    "id": "country-tr-duden-waterfalls",
    "name": "Duden Waterfalls",
    "category": "nature",
    "lat": 36.9638177,
    "lon": 30.7269123,
    "source": "static",
    "countryCode": "TR",
    "address": "Kepez",
    "city": "Antalya"
  },
  {
    "id": "country-tr-konyaalti-beach",
    "name": "Konyaalti Beach",
    "category": "nature",
    "lat": 36.8836176,
    "lon": 30.6769565,
    "source": "static",
    "countryCode": "TR",
    "address": "Meltem Mahallesi",
    "city": "Antalya"
  },
  {
    "id": "country-tr-lara-beach",
    "name": "Lara Beach",
    "category": "nature",
    "lat": 36.8491054,
    "lon": 30.832076,
    "source": "static",
    "countryCode": "TR",
    "address": "Güzeloba Mahallesi",
    "city": "Antalya"
  },
  {
    "id": "country-tr-antalya-museum",
    "name": "Antalya Museum",
    "category": "museums",
    "lat": 36.8857682,
    "lon": 30.6797586,
    "source": "static",
    "countryCode": "TR",
    "address": "Konyaaltı Caddesi 88",
    "city": "Antalya"
  },
  {
    "id": "country-tr-hadrian-s-gate",
    "name": "Hadrian's Gate",
    "category": "landmarks",
    "lat": 36.8852647,
    "lon": 30.7085481,
    "source": "static",
    "countryCode": "TR",
    "address": "Hesapçı Sokak",
    "city": "Antalya"
  },
  {
    "id": "country-tr-aspendos-theatre",
    "name": "Aspendos Theatre",
    "category": "landmarks",
    "lat": 36.9321738,
    "lon": 31.1669016,
    "source": "static",
    "countryCode": "TR",
    "address": "07-04",
    "city": "Serik"
  },
  {
    "id": "country-tr-olympos",
    "name": "Olympos",
    "category": "nature",
    "lat": 36.3950121,
    "lon": 30.4735644,
    "source": "static",
    "countryCode": "TR",
    "address": "Likya Yolu 10.02",
    "city": "Kumluca"
  },
  {
    "id": "country-tr-cirali-beach",
    "name": "Cirali Beach",
    "category": "nature",
    "lat": 36.4085065,
    "lon": 30.4801295,
    "source": "static",
    "countryCode": "TR",
    "address": "Kemer",
    "city": "Kumluca"
  },
  {
    "id": "country-tr-goreme-open-air-museum",
    "name": "Goreme Open Air Museum",
    "category": "museums",
    "lat": 38.6390591,
    "lon": 34.8455787,
    "source": "static",
    "countryCode": "TR",
    "address": "Müze Caddesi",
    "city": "Goreme"
  },
  {
    "id": "country-tr-uchisar-castle",
    "name": "Uchisar Castle",
    "category": "landmarks",
    "lat": 38.6304425,
    "lon": 34.805323,
    "source": "static",
    "countryCode": "TR",
    "address": "Sunset & sunrise trail",
    "city": "Uchisar"
  },
  {
    "id": "country-tr-pigeon-valley",
    "name": "Pigeon Valley",
    "category": "nature",
    "lat": 38.630378,
    "lon": 34.8130694,
    "source": "static",
    "countryCode": "TR",
    "address": "Uçhisar Beldesi",
    "city": "Goreme"
  },
  {
    "id": "country-tr-love-valley",
    "name": "Love Valley",
    "category": "nature",
    "lat": 38.6590377,
    "lon": 34.8231515,
    "source": "static",
    "countryCode": "TR",
    "address": "Göreme Beldesi",
    "city": "Goreme"
  },
  {
    "id": "country-tr-devrent-valley",
    "name": "Devrent Valley",
    "category": "nature",
    "lat": 38.6750753,
    "lon": 34.884337,
    "source": "static",
    "countryCode": "TR",
    "address": "Aktepe",
    "city": "Urgup"
  },
  {
    "id": "country-tr-derinkuyu-underground-city",
    "name": "Derinkuyu Underground City",
    "category": "landmarks",
    "lat": 38.3735761,
    "lon": 34.7351222,
    "source": "static",
    "countryCode": "TR",
    "address": "Eski Cami Sokağı",
    "city": "Derinkuyu"
  },
  {
    "id": "country-tr-kaymakli-underground-city",
    "name": "Kaymakli Underground City",
    "category": "landmarks",
    "lat": 38.4599265,
    "lon": 34.7524882,
    "source": "static",
    "countryCode": "TR",
    "address": "Eşref Ayhan Caddesi",
    "city": "Kaymakli"
  },
  {
    "id": "country-tr-avanos",
    "name": "Avanos",
    "category": "other",
    "lat": 38.7187371,
    "lon": 34.8468663,
    "source": "static",
    "countryCode": "TR",
    "address": "Avanos İlçe Merkezi",
    "city": "Avanos"
  },
  {
    "id": "country-tr-red-valley",
    "name": "Red Valley",
    "category": "nature",
    "lat": 38.6514961,
    "lon": 34.8596572,
    "source": "static",
    "countryCode": "TR",
    "address": "Kızılçukur Vadisi",
    "city": "Urgup"
  },
  {
    "id": "country-tr-hierapolis",
    "name": "Hierapolis",
    "category": "landmarks",
    "lat": 37.9309549,
    "lon": 29.1263634,
    "source": "static",
    "countryCode": "TR",
    "address": "Traverten Yolu",
    "city": "Pamukkale"
  },
  {
    "id": "country-tr-pamukkale-travertines",
    "name": "Pamukkale Travertines",
    "category": "nature",
    "lat": 37.9244831,
    "lon": 29.1190121,
    "source": "static",
    "countryCode": "TR",
    "address": "Traverten Yolu",
    "city": "Pamukkale"
  },
  {
    "id": "country-tr-temple-of-artemis",
    "name": "Temple of Artemis",
    "category": "landmarks",
    "lat": 37.9497968,
    "lon": 27.3636333,
    "source": "static",
    "countryCode": "TR",
    "address": "Artemis Tapinagi",
    "city": "Selcuk"
  },
  {
    "id": "country-tr-selcuk-castle",
    "name": "Selcuk Castle",
    "category": "landmarks",
    "lat": 37.9554775,
    "lon": 27.3675029,
    "source": "static",
    "countryCode": "TR",
    "address": "Atatürk Caddesi",
    "city": "Selcuk"
  },
  {
    "id": "country-tr-bodrum-castle",
    "name": "Bodrum Castle",
    "category": "landmarks",
    "lat": 37.0317673,
    "lon": 27.4291029,
    "source": "static",
    "countryCode": "TR",
    "address": "Müftü Yakup Önes Caddesi",
    "city": "Bodrum"
  },
  {
    "id": "country-tr-mausoleum-at-halicarnassus",
    "name": "Mausoleum at Halicarnassus",
    "category": "landmarks",
    "lat": 37.0378827,
    "lon": 27.4241455,
    "source": "static",
    "countryCode": "TR",
    "address": "Saray Sokak",
    "city": "Bodrum"
  },
  {
    "id": "country-tr-gumusluk",
    "name": "Gumusluk",
    "category": "other",
    "lat": 37.0535073,
    "lon": 27.2366323,
    "source": "static",
    "countryCode": "TR",
    "address": "Gümüşlük",
    "city": "Bodrum"
  },
  {
    "id": "country-tr-marmaris-marina",
    "name": "Marmaris Marina",
    "category": "landmarks",
    "lat": 36.8445419,
    "lon": 28.2846628,
    "source": "static",
    "countryCode": "TR",
    "address": "Mustafa Münir Elgin Bulvarı",
    "city": "Marmaris"
  },
  {
    "id": "country-tr-icmeler-beach",
    "name": "Icmeler Beach",
    "category": "nature",
    "lat": 36.8022215,
    "lon": 28.2344506,
    "source": "static",
    "countryCode": "TR",
    "address": "Gezi Yolu Caddesi",
    "city": "Marmaris"
  },
  {
    "id": "country-tr-turunc",
    "name": "Turunc",
    "category": "nature",
    "lat": 36.7728847,
    "lon": 28.2467298,
    "source": "static",
    "countryCode": "TR",
    "address": "Turunç",
    "city": "Marmaris"
  },
  {
    "id": "country-tr-marmaris-castle",
    "name": "Marmaris Castle",
    "category": "landmarks",
    "lat": 36.8505746,
    "lon": 28.2740862,
    "source": "static",
    "countryCode": "TR",
    "address": "Barbaros Caddesi",
    "city": "Marmaris"
  },
  {
    "id": "country-tr-butterfly-valley",
    "name": "Butterfly Valley",
    "category": "nature",
    "lat": 36.4974686,
    "lon": 29.1271717,
    "source": "static",
    "countryCode": "TR",
    "address": "faralya-Aktaş Beach",
    "city": "Fethiye"
  },
  {
    "id": "country-tr-kayakoy-ghost-town",
    "name": "Kayakoy Ghost Town",
    "category": "landmarks",
    "lat": 36.6214105,
    "lon": 29.1152471,
    "source": "static",
    "countryCode": "TR",
    "address": "97. Sokak",
    "city": "Fethiye"
  },
  {
    "id": "country-tr-calis-beach",
    "name": "Calis Beach",
    "category": "nature",
    "lat": 36.6670051,
    "lon": 29.1054533,
    "source": "static",
    "countryCode": "TR",
    "address": "Foça",
    "city": "Fethiye"
  },
  {
    "id": "country-tr-fethiye-marina",
    "name": "Fethiye Marina",
    "category": "landmarks",
    "lat": 36.6232258,
    "lon": 29.1043551,
    "source": "static",
    "countryCode": "TR",
    "address": "Fevzi Çakmak Caddesi",
    "city": "Fethiye"
  },
  {
    "id": "country-tr-kaputas-beach",
    "name": "Kaputas Beach",
    "category": "nature",
    "lat": 36.2288242,
    "lon": 29.4491601,
    "source": "static",
    "countryCode": "TR",
    "address": "Kaş",
    "city": "Kas"
  },
  {
    "id": "country-tr-patara-beach",
    "name": "Patara Beach",
    "category": "nature",
    "lat": 36.2716052,
    "lon": 29.2895922,
    "source": "static",
    "countryCode": "TR",
    "address": "Kaş",
    "city": "Kas"
  },
  {
    "id": "country-tr-mevlana-museum",
    "name": "Mevlana Museum",
    "category": "museums",
    "lat": 37.870962,
    "lon": 32.5057106,
    "source": "static",
    "countryCode": "TR",
    "address": "Mevlâna Meydanı",
    "city": "Konya"
  },
  {
    "id": "country-tr-uludag",
    "name": "Uludag",
    "category": "nature",
    "lat": 40.0705295,
    "lon": 29.2220098,
    "source": "static",
    "countryCode": "TR",
    "address": "Osmangazi",
    "city": "Bursa"
  },
  {
    "id": "country-tr-cumalikizik-village",
    "name": "Cumalikizik Village",
    "category": "other",
    "lat": 40.1752128,
    "lon": 29.1726885,
    "source": "static",
    "countryCode": "TR",
    "address": "Cumalıkızık",
    "city": "Bursa"
  },
  {
    "id": "country-tr-green-mosque",
    "name": "Green Mosque",
    "category": "landmarks",
    "lat": 40.182205,
    "lon": 29.0746465,
    "source": "static",
    "countryCode": "TR",
    "address": "Akyokuş Sokak",
    "city": "Bursa"
  },
  {
    "id": "country-tr-kozahan-bazaar",
    "name": "Kozahan Bazaar",
    "category": "food",
    "lat": 40.1843689,
    "lon": 29.063243,
    "source": "static",
    "countryCode": "TR",
    "address": "Uzun Çarşı Caddeai",
    "city": "Bursa"
  },
  {
    "id": "country-tr-uzungol",
    "name": "Uzungol",
    "category": "nature",
    "lat": 40.6191264,
    "lon": 40.2948099,
    "source": "static",
    "countryCode": "TR",
    "address": "Uzungöl",
    "city": "Trabzon"
  },
  {
    "id": "country-tr-sera-lake",
    "name": "Sera Lake",
    "category": "nature",
    "lat": 40.992299,
    "lon": 39.6135514,
    "source": "static",
    "countryCode": "TR",
    "address": "Mavra Caddesi 209",
    "city": "Trabzon"
  },
  {
    "id": "country-tr-boztepe",
    "name": "Boztepe",
    "category": "nature",
    "lat": 40.9974509,
    "lon": 39.7269013,
    "source": "static",
    "countryCode": "TR",
    "address": "Boztepe Mahallesi",
    "city": "Trabzon"
  },
  {
    "id": "country-tr-zil-kale",
    "name": "Zil Kale",
    "category": "landmarks",
    "lat": 40.9593912,
    "lon": 40.9632024,
    "source": "static",
    "countryCode": "TR",
    "address": "Amukta Köprüsü",
    "city": "Rize"
  },
  {
    "id": "country-tr-camlihemsin",
    "name": "Camlihemsin",
    "category": "other",
    "lat": 41.045571,
    "lon": 41.0056974,
    "source": "static",
    "countryCode": "TR",
    "address": "Çamlıhemşin",
    "city": "Rize"
  },
  {
    "id": "country-tr-amasra",
    "name": "Amasra",
    "category": "landmarks",
    "lat": 41.7531401,
    "lon": 32.3838002,
    "source": "static",
    "countryCode": "TR",
    "address": "Boztepe Mahallesi",
    "city": "Amasra"
  },
  {
    "id": "country-tr-amasya-castle",
    "name": "Amasya Castle",
    "category": "landmarks",
    "lat": 40.6552114,
    "lon": 35.8274515,
    "source": "static",
    "countryCode": "TR",
    "address": "Kale yolu",
    "city": "Amasya"
  },
  {
    "id": "country-tr-ordu-boztepe",
    "name": "Ordu Boztepe",
    "category": "nature",
    "lat": 40.9873001,
    "lon": 37.8712324,
    "source": "static",
    "countryCode": "TR",
    "address": "Ulukonak Cadde",
    "city": "Ordu"
  },
  {
    "id": "country-tr-giresun-island",
    "name": "Giresun Island",
    "category": "nature",
    "lat": 40.9293597,
    "lon": 38.4365584,
    "source": "static",
    "countryCode": "TR",
    "address": "Giresun Merkez",
    "city": "Giresun"
  },
  {
    "id": "country-tr-akdamar-island",
    "name": "Akdamar Island",
    "category": "landmarks",
    "lat": 38.3416043,
    "lon": 43.0345757,
    "source": "static",
    "countryCode": "TR",
    "address": "Gevaş",
    "city": "Van"
  },
  {
    "id": "country-tr-van-castle",
    "name": "Van Castle",
    "category": "landmarks",
    "lat": 38.5030665,
    "lon": 43.3384997,
    "source": "static",
    "countryCode": "TR",
    "address": "Melen Caddesi",
    "city": "Van"
  },
  {
    "id": "country-tr-ani-ruins",
    "name": "Ani Ruins",
    "category": "landmarks",
    "lat": 40.5064535,
    "lon": 43.5729059,
    "source": "static",
    "countryCode": "TR",
    "address": "Kars - Ani Antik Kenti Yolu",
    "city": "Kars"
  },
  {
    "id": "country-tr-mount-ararat",
    "name": "Mount Ararat",
    "category": "nature",
    "lat": 39.6482053,
    "lon": 44.4138156,
    "source": "static",
    "countryCode": "TR",
    "address": "Doğubayazıt",
    "city": "Agri"
  },
  {
    "id": "country-tr-ishak-pasha-palace",
    "name": "Ishak Pasha Palace",
    "category": "landmarks",
    "lat": 39.5203552,
    "lon": 44.1286023,
    "source": "static",
    "countryCode": "TR",
    "address": "İshak Paşa Sarayı yolu",
    "city": "Dogubayazit"
  },
  {
    "id": "country-tr-nemrut-crater-lake",
    "name": "Nemrut Crater Lake",
    "category": "nature",
    "lat": 38.6249855,
    "lon": 42.2240728,
    "source": "static",
    "countryCode": "TR",
    "address": "Nemrut Krater Gölü Yolu",
    "city": "Tatvan"
  },
  {
    "id": "country-tr-tortum-waterfall",
    "name": "Tortum Waterfall",
    "category": "nature",
    "lat": 40.6609123,
    "lon": 41.6684361,
    "source": "static",
    "countryCode": "TR",
    "address": "Uzundere",
    "city": "Erzurum"
  },
  {
    "id": "country-tr-hasankeyf",
    "name": "Hasankeyf",
    "category": "landmarks",
    "lat": 37.7304689,
    "lon": 41.4160863,
    "source": "static",
    "countryCode": "TR",
    "address": "Hasankeyf",
    "city": "Batman"
  },
  {
    "id": "country-tr-zeugma-mosaic-museum",
    "name": "Zeugma Mosaic Museum",
    "category": "museums",
    "lat": 37.0755799,
    "lon": 37.3856062,
    "source": "static",
    "countryCode": "TR",
    "address": "Sani Konukoğlu Bulvarı",
    "city": "Gaziantep"
  },
  {
    "id": "country-tr-gaziantep-castle",
    "name": "Gaziantep Castle",
    "category": "landmarks",
    "lat": 37.0664591,
    "lon": 37.3832064,
    "source": "static",
    "countryCode": "TR",
    "address": "Hamdi Kutlar Caddesi",
    "city": "Gaziantep"
  },
  {
    "id": "country-tr-halfeti",
    "name": "Halfeti",
    "category": "other",
    "lat": 37.2309218,
    "lon": 37.945736,
    "source": "static",
    "countryCode": "TR",
    "address": "Halfeti",
    "city": "Sanliurfa"
  },
  {
    "id": "country-tr-balikligol",
    "name": "Balikligol",
    "category": "landmarks",
    "lat": 37.147692,
    "lon": 38.7845787,
    "source": "static",
    "countryCode": "TR",
    "address": "Göl Mahallesi",
    "city": "Sanliurfa"
  },
  {
    "id": "country-tr-gobekli-tepe",
    "name": "Gobekli Tepe",
    "category": "landmarks",
    "lat": 37.2238521,
    "lon": 38.9220886,
    "source": "static",
    "countryCode": "TR",
    "address": "Göbeklitepe A B C Tapınak alanı",
    "city": "Sanliurfa"
  },
  {
    "id": "country-tr-harran",
    "name": "Harran",
    "category": "landmarks",
    "lat": 36.8710059,
    "lon": 39.0251364,
    "source": "static",
    "countryCode": "TR",
    "address": "Harran",
    "city": "Sanliurfa"
  },
  {
    "id": "country-tr-pergamon-acropolis",
    "name": "Pergamon Acropolis",
    "category": "landmarks",
    "lat": 39.1320625,
    "lon": 27.1840184,
    "source": "static",
    "countryCode": "TR",
    "address": "Akropol Caddesi",
    "city": "Bergama"
  },
  {
    "id": "country-tr-troy",
    "name": "Troy",
    "category": "landmarks",
    "lat": 39.957374,
    "lon": 26.2380175,
    "source": "static",
    "countryCode": "TR",
    "address": "Kalafat",
    "city": "Canakkale"
  },
  {
    "id": "country-tr-kusadasi",
    "name": "Kusadasi",
    "category": "other",
    "lat": 37.870717,
    "lon": 27.2649304,
    "source": "static",
    "countryCode": "TR",
    "address": "Atatürk Bulvarı",
    "city": "Kusadasi"
  },
  {
    "id": "country-tr-bozcaada",
    "name": "Bozcaada",
    "category": "other",
    "lat": 39.8170524,
    "lon": 26.0395466,
    "source": "static",
    "countryCode": "TR",
    "address": "Bozcaada",
    "city": "Bozcaada"
  },
  {
    "id": "country-tr-eskisehir-odunpazari",
    "name": "Eskisehir Odunpazari",
    "category": "other",
    "lat": 39.7743941,
    "lon": 30.519116,
    "source": "static",
    "countryCode": "TR",
    "address": "Odunpazarı",
    "city": "Eskisehir"
  },
  {
    "id": "country-tr-erciyes-mountain",
    "name": "Erciyes Mountain",
    "category": "nature",
    "lat": 38.5296131,
    "lon": 35.5287374,
    "source": "static",
    "countryCode": "TR",
    "address": "Develi - Kayseri Yolu",
    "city": "Kayseri"
  },
  {
    "id": "country-tr-kizkalesi",
    "name": "Kizkalesi",
    "category": "landmarks",
    "lat": 36.4617243,
    "lon": 34.1439682,
    "source": "static",
    "countryCode": "TR",
    "address": "Kızkalesi",
    "city": "Mersin"
  },
  {
    "id": "country-tr-tarsus",
    "name": "Tarsus",
    "category": "other",
    "lat": 36.9123975,
    "lon": 34.8959891,
    "source": "static",
    "countryCode": "TR",
    "address": "2114. Sokak",
    "city": "Tarsus"
  },
  {
    "id": "country-tr-hatay-archaeology-museum",
    "name": "Hatay Archaeology Museum",
    "category": "museums",
    "lat": 36.2209794,
    "lon": 36.1840223,
    "source": "static",
    "countryCode": "TR",
    "address": "Antakya-Reyhanlı 1 Sokak",
    "city": "Antakya"
  }
]
